{
  "Get Measurements By Storge Id" : {
    "transaction" : "Get Measurements By Storge Id",
    "sampleCount" : 5,
    "errorCount" : 0,
    "errorPct" : 0.0,
    "meanResTime" : 171.6,
    "medianResTime" : 168.0,
    "minResTime" : 147.0,
    "maxResTime" : 214.0,
    "pct1ResTime" : 214.0,
    "pct2ResTime" : 214.0,
    "pct3ResTime" : 214.0,
    "throughput" : 3.0156815440289506,
    "receivedKBytesPerSec" : 23.400392981001207,
    "sentKBytesPerSec" : 0.48887025030156817
  },
  "Register" : {
    "transaction" : "Register",
    "sampleCount" : 5,
    "errorCount" : 0,
    "errorPct" : 0.0,
    "meanResTime" : 884.0,
    "medianResTime" : 158.0,
    "minResTime" : 149.0,
    "maxResTime" : 3794.0,
    "pct1ResTime" : 3794.0,
    "pct2ResTime" : 3794.0,
    "pct3ResTime" : 3794.0,
    "throughput" : 0.997207818109294,
    "receivedKBytesPerSec" : 0.19963633077383325,
    "sentKBytesPerSec" : 0.32623497955723973
  },
  "Total" : {
    "transaction" : "Total",
    "sampleCount" : 45,
    "errorCount" : 0,
    "errorPct" : 0.0,
    "meanResTime" : 2901.5555555555557,
    "medianResTime" : 386.0,
    "minResTime" : 147.0,
    "maxResTime" : 29115.0,
    "pct1ResTime" : 5325.199999999998,
    "pct2ResTime" : 18494.399999999936,
    "pct3ResTime" : 29115.0,
    "throughput" : 0.8852691218130312,
    "receivedKBytesPerSec" : 5.224701590533522,
    "sentKBytesPerSec" : 0.19382552452195467
  },
  "Get Water Storages" : {
    "transaction" : "Get Water Storages",
    "sampleCount" : 5,
    "errorCount" : 0,
    "errorPct" : 0.0,
    "meanResTime" : 215.0,
    "medianResTime" : 189.0,
    "minResTime" : 150.0,
    "maxResTime" : 339.0,
    "pct1ResTime" : 339.0,
    "pct2ResTime" : 339.0,
    "pct3ResTime" : 339.0,
    "throughput" : 14.749262536873156,
    "receivedKBytesPerSec" : 107.20582134955751,
    "sentKBytesPerSec" : 1.9732900073746311
  },
  "Get Measurements" : {
    "transaction" : "Get Measurements",
    "sampleCount" : 5,
    "errorCount" : 0,
    "errorPct" : 0.0,
    "meanResTime" : 341.8,
    "medianResTime" : 343.0,
    "minResTime" : 293.0,
    "maxResTime" : 434.0,
    "pct1ResTime" : 434.0,
    "pct2ResTime" : 434.0,
    "pct3ResTime" : 434.0,
    "throughput" : 2.9291154071470418,
    "receivedKBytesPerSec" : 59.638391549502046,
    "sentKBytesPerSec" : 0.3861626757469244
  },
  "Find Water Storage By Name" : {
    "transaction" : "Find Water Storage By Name",
    "sampleCount" : 5,
    "errorCount" : 0,
    "errorPct" : 0.0,
    "meanResTime" : 4664.4,
    "medianResTime" : 3922.0,
    "minResTime" : 3679.0,
    "maxResTime" : 7951.0,
    "pct1ResTime" : 7951.0,
    "pct2ResTime" : 7951.0,
    "pct3ResTime" : 7951.0,
    "throughput" : 0.6288517167651867,
    "receivedKBytesPerSec" : 4.8686879008929695,
    "sentKBytesPerSec" : 0.113610905860898
  },
  "Create Water Storage" : {
    "transaction" : "Create Water Storage",
    "sampleCount" : 5,
    "errorCount" : 0,
    "errorPct" : 0.0,
    "meanResTime" : 3974.8,
    "medianResTime" : 3945.0,
    "minResTime" : 3560.0,
    "maxResTime" : 4350.0,
    "pct1ResTime" : 4350.0,
    "pct2ResTime" : 4350.0,
    "pct3ResTime" : 4350.0,
    "throughput" : 1.1148272017837235,
    "receivedKBytesPerSec" : 0.2824083751393534,
    "sentKBytesPerSec" : 0.3324885033444816
  },
  "Create Measurement" : {
    "transaction" : "Create Measurement",
    "sampleCount" : 5,
    "errorCount" : 0,
    "errorPct" : 0.0,
    "meanResTime" : 391.4,
    "medianResTime" : 271.0,
    "minResTime" : 263.0,
    "maxResTime" : 774.0,
    "pct1ResTime" : 774.0,
    "pct2ResTime" : 774.0,
    "pct3ResTime" : 774.0,
    "throughput" : 2.9904306220095696,
    "receivedKBytesPerSec" : 0.9678014727870814,
    "sentKBytesPerSec" : 1.081694826555024
  },
  "Generate Token" : {
    "transaction" : "Generate Token",
    "sampleCount" : 5,
    "errorCount" : 0,
    "errorPct" : 0.0,
    "meanResTime" : 3346.2,
    "medianResTime" : 4640.0,
    "minResTime" : 550.0,
    "maxResTime" : 6320.0,
    "pct1ResTime" : 6320.0,
    "pct2ResTime" : 6320.0,
    "pct3ResTime" : 6320.0,
    "throughput" : 0.4343671270958214,
    "receivedKBytesPerSec" : 0.35097203218660417,
    "sentKBytesPerSec" : 0.10859178177395536
  },
  "Get Users" : {
    "transaction" : "Get Users",
    "sampleCount" : 5,
    "errorCount" : 0,
    "errorPct" : 0.0,
    "meanResTime" : 12124.8,
    "medianResTime" : 4297.0,
    "minResTime" : 370.0,
    "maxResTime" : 29115.0,
    "pct1ResTime" : 29115.0,
    "pct2ResTime" : 29115.0,
    "pct3ResTime" : 29115.0,
    "throughput" : 0.14820523460888638,
    "receivedKBytesPerSec" : 1.2449818633844147,
    "sentKBytesPerSec" : 0.018525654326110797
  }
}